date,Ibovespa,Bolsa de Valores,Ações,Dividendos,Renda Fixa,Inflação,CDI,Dolar,Bitcoin,Renda Variável
2009-12-27,8,18,35,4,0,5,8,73,0,0
2010-01-03,9,23,47,4,3,5,7,88,0,0
2010-01-10,11,19,54,2,3,7,9,79,0,0
2010-01-17,10,22,52,4,0,6,9,78,0,0
2010-01-24,9,18,43,5,3,5,7,95,0,0
2010-01-31,11,23,49,2,2,6,9,100,0,0
2010-02-07,8,24,48,4,0,6,8,89,0,0
2010-02-14,6,21,45,3,0,3,8,78,0,0
2010-02-21,10,22,54,3,2,7,10,80,0,0
2010-02-28,6,20,65,5,2,8,9,78,0,0
2010-03-07,7,22,66,5,3,7,9,81,0,0
2010-03-14,8,23,68,3,3,8,8,76,0,0
2010-03-21,8,21,62,2,3,8,11,73,0,0
2010-03-28,8,24,55,6,2,8,9,67,0,0
2010-04-04,7,20,67,6,2,9,10,82,0,0
2010-04-11,10,23,66,4,3,9,9,74,0,0
2010-04-18,5,21,61,5,3,8,8,70,0,0
2010-04-25,7,24,69,7,4,10,8,72,0,1
2010-05-02,9,23,59,5,2,10,9,90,0,0
2010-05-09,9,25,58,4,3,11,9,97,0,0
2010-05-16,10,24,65,3,3,13,8,90,0,0
2010-05-23,9,24,60,4,3,10,8,95,0,0
2010-05-30,7,20,52,4,3,9,9,82,0,0
2010-06-06,6,20,60,4,3,12,9,90,0,1
2010-06-13,7,15,56,2,0,7,8,71,0,0
2010-06-20,6,17,66,4,0,9,8,78,0,0
2010-06-27,7,18,63,4,0,7,9,80,0,0
2010-07-04,4,13,49,3,3,6,9,75,0,0
2010-07-11,6,14,46,3,2,5,7,74,0,0
2010-07-18,7,17,44,3,0,5,8,74,0,0
2010-07-25,6,20,51,4,2,2,8,76,0,0
2010-08-01,7,17,48,4,2,6,10,76,0,0
2010-08-08,7,21,48,4,2,7,9,70,0,0
2010-08-15,6,20,58,5,3,7,8,64,0,0
2010-08-22,7,20,55,4,2,6,10,67,0,0
2010-08-29,7,17,57,4,3,7,8,73,0,0
2010-09-05,7,17,68,3,0,6,7,65,0,0
2010-09-12,6,20,100,4,3,8,8,70,0,0
2010-09-19,9,19,91,6,2,9,8,70,0,0
2010-09-26,8,20,59,5,2,9,8,74,0,0
2010-10-03,8,18,57,4,3,9,10,84,0,0
2010-10-10,8,17,47,3,2,7,8,86,0,0
2010-10-17,6,19,57,4,3,12,8,89,0,0
2010-10-24,9,19,54,3,2,9,8,84,0,0
2010-10-31,7,15,52,3,2,12,9,85,0,0
2010-11-07,8,17,56,4,2,12,8,87,0,0
2010-11-14,4,18,66,5,2,11,9,80,0,0
2010-11-21,7,20,66,4,3,11,8,76,0,0
2010-11-28,7,13,58,4,4,11,8,80,0,0
2010-12-05,7,16,44,4,0,9,9,79,0,0
2010-12-12,7,13,43,4,2,7,8,75,0,0
2010-12-19,4,11,31,3,2,5,4,70,0,0
2010-12-26,5,16,36,4,3,6,5,68,0,0
2010-12-26,9,29,63,7,6,3,3,41,0,0
2011-01-02,9,33,63,5,5,5,5,50,0,0
2011-01-09,10,28,62,6,4,4,4,45,0,0
2011-01-16,8,24,63,5,4,3,4,41,0,0
2011-01-23,6,38,64,6,3,3,4,40,0,0
2011-01-30,9,30,67,4,5,3,5,39,0,0
2011-02-06,8,32,68,5,6,4,5,37,0,0
2011-02-13,8,29,72,7,5,5,5,38,0,0
2011-02-20,9,32,78,7,5,4,4,38,0,0
2011-02-27,7,28,73,7,5,5,5,38,0,0
2011-03-06,5,31,60,7,4,3,4,37,0,0
2011-03-13,9,29,77,6,5,4,5,40,0,0
2011-03-20,8,33,89,9,4,4,5,39,0,0
2011-03-27,9,30,84,9,4,5,4,41,0,0
2011-04-03,8,29,90,8,4,5,5,44,0,0
2011-04-10,8,29,91,8,4,6,4,49,0,0
2011-04-17,6,25,77,6,4,5,4,39,0,0
2011-04-24,9,29,100,11,4,8,4,47,0,0
2011-05-01,8,27,79,10,4,7,4,48,0,0
2011-05-08,7,27,77,7,4,8,5,46,0,0
2011-05-15,9,32,82,6,5,7,5,42,0,0
2011-05-22,8,26,83,8,4,7,4,42,0,0
2011-05-29,9,25,84,6,4,7,5,45,0,0
2011-06-05,8,26,80,6,6,7,4,46,0,0
2011-06-12,8,28,78,6,5,6,4,41,1,0
2011-06-19,6,24,63,4,4,5,4,38,1,0
2011-06-26,7,23,66,6,4,4,4,50,0,0
2011-07-03,8,22,64,6,3,4,4,50,0,0
2011-07-10,8,23,54,5,3,3,5,44,0,0
2011-07-17,7,20,56,5,5,3,5,41,1,0
2011-07-24,7,21,60,5,4,3,4,56,0,0
2011-07-31,10,29,64,6,4,4,5,50,0,0
2011-08-07,19,47,67,9,3,4,4,55,0,0
2011-08-14,10,30,69,7,5,4,4,46,0,0
2011-08-21,8,25,65,6,4,4,4,42,0,0
2011-08-28,8,24,68,6,3,4,5,38,0,0
2011-09-04,7,21,60,5,4,5,4,44,0,0
2011-09-11,6,23,68,6,4,5,5,53,0,0
2011-09-18,8,26,74,5,5,5,4,100,0,0
2011-09-25,6,22,72,6,4,5,4,90,0,0
2011-10-02,8,23,68,6,4,4,4,75,0,0
2011-10-09,7,20,63,6,3,4,4,67,0,0
2011-10-16,7,23,69,5,4,5,4,65,0,0
2011-10-23,10,25,67,6,4,5,4,65,0,0
2011-10-30,7,22,67,6,4,5,5,60,0,0
2011-11-06,6,21,70,6,3,5,4,61,0,0
2011-11-13,6,22,68,7,5,4,4,58,0,0
2011-11-20,7,21,75,6,4,5,4,62,0,0
2011-11-27,6,22,73,7,3,5,4,66,0,0
2011-12-04,5,17,62,6,4,5,4,66,0,0
2011-12-11,6,16,46,6,3,3,4,60,0,0
2011-12-18,4,14,38,5,4,3,4,57,0,0
2011-12-25,5,16,36,4,4,2,3,56,0,0
2012-01-01,7,23,44,6,6,4,5,62,0,0
2012-01-01,8,27,53,7,7,7,8,99,0,0
2012-01-08,6,22,56,6,5,5,7,96,0,0
2012-01-15,8,24,55,7,5,5,7,93,0,0
2012-01-22,8,26,53,7,5,4,7,90,0,0
2012-01-29,8,25,61,8,4,5,7,88,0,0
2012-02-05,9,27,64,7,4,5,8,86,0,0
2012-02-12,8,24,64,8,4,5,7,76,0,0
2012-02-19,6,26,52,8,4,4,6,71,0,0
2012-02-26,8,25,71,9,5,6,7,76,0,0
2012-03-04,8,26,77,9,5,6,7,74,0,0
2012-03-11,8,31,78,10,6,7,7,78,0,0
2012-03-18,7,28,83,10,7,6,7,75,0,0
2012-03-25,7,25,83,11,5,7,7,71,0,0
2012-04-01,6,22,70,10,5,6,6,66,0,0
2012-04-08,8,27,86,12,5,7,7,74,0,0
2012-04-15,6,24,85,10,7,7,8,66,0,0
2012-04-22,7,27,87,10,8,6,7,71,0,0
2012-04-29,8,28,76,13,7,6,6,74,0,0
2012-05-06,8,25,81,9,5,8,8,81,4,0
2012-05-13,10,35,100,11,5,7,7,96,1,0
2012-05-20,10,34,91,10,5,8,7,100,0,0
2012-05-27,10,26,88,9,4,8,7,94,0,0
2012-06-03,7,25,74,8,5,7,7,79,0,0
2012-06-10,7,25,85,7,5,8,7,78,0,0
2012-06-17,8,24,81,8,5,7,6,74,0,0
2012-06-24,7,23,76,8,4,4,6,79,0,0
2012-07-01,7,20,66,7,3,4,7,88,0,0
2012-07-08,7,19,56,5,4,4,7,72,0,0
2012-07-15,7,21,58,6,4,4,7,71,0,0
2012-07-22,6,22,56,7,4,4,6,67,1,0
2012-07-29,7,21,61,7,4,4,7,67,0,0
2012-08-05,7,20,63,7,5,5,7,68,0,0
2012-08-12,7,19,66,7,4,6,7,67,0,0
2012-08-19,6,22,75,7,5,6,7,62,0,0
2012-08-26,6,22,74,6,4,6,7,65,0,0
2012-09-02,6,18,62,6,4,6,6,63,0,0
2012-09-09,8,20,84,6,4,6,7,68,0,0
2012-09-16,8,23,82,5,3,6,6,68,0,0
2012-09-23,8,22,78,6,4,6,7,55,0,0
2012-09-30,5,18,66,6,3,6,6,61,0,0
2012-10-07,5,18,61,4,4,5,5,54,0,0
2012-10-14,6,20,83,6,4,5,7,57,0,0
2012-10-21,5,22,74,6,4,6,7,55,0,0
2012-10-28,7,20,68,7,3,7,6,50,0,0
2012-11-04,7,21,75,7,4,6,7,62,0,0
2012-11-11,7,17,72,6,3,5,6,56,0,0
2012-11-18,5,19,82,7,4,7,6,61,0,0
2012-11-25,5,21,77,6,5,8,6,61,0,0
2012-12-02,7,17,68,6,4,7,7,65,0,0
2012-12-09,6,17,52,6,4,6,6,61,1,0
2012-12-16,7,14,45,6,3,5,6,63,1,0
2012-12-23,5,15,35,6,5,4,5,59,0,0
2012-12-30,6,17,40,5,4,5,6,62,1,0
2012-12-30,7,19,44,6,5,3,4,39,0,0
2013-01-06,8,22,55,6,5,4,4,40,0,0
2013-01-13,7,20,55,5,5,4,4,40,0,0
2013-01-20,7,18,57,6,5,3,4,37,0,0
2013-01-27,6,20,57,6,4,3,4,46,0,0
2013-02-03,6,19,62,9,5,4,4,46,0,0
2013-02-10,6,19,50,6,4,3,3,39,0,0
2013-02-17,8,22,66,8,5,4,4,41,0,0
2013-02-24,6,21,73,10,5,4,4,35,0,0
2013-03-03,9,21,75,9,5,4,4,36,0,0
2013-03-10,7,21,82,8,4,4,4,35,0,0
2013-03-17,7,19,79,9,4,4,4,36,1,0
2013-03-24,7,21,68,8,5,4,4,36,1,0
2013-03-31,7,22,81,10,5,5,4,35,2,0
2013-04-07,8,21,91,9,5,6,4,39,3,0
2013-04-14,8,22,93,10,7,6,4,37,2,0
2013-04-21,7,26,95,10,7,5,4,36,1,0
2013-04-28,8,23,85,12,7,5,4,35,2,0
2013-05-05,9,26,92,9,4,5,4,34,2,0
2013-05-12,7,23,90,10,4,5,5,35,3,0
2013-05-19,7,25,91,12,4,6,4,38,2,0
2013-05-26,8,23,77,8,4,5,4,42,1,0
2013-06-02,8,26,88,8,5,6,5,66,1,0
2013-06-09,12,29,84,7,5,7,4,65,1,0
2013-06-16,10,26,79,8,6,9,4,75,1,0
2013-06-23,9,22,77,7,5,5,4,74,1,0
2013-06-30,12,26,78,7,4,4,4,71,2,0
2013-07-07,7,23,63,6,4,3,4,66,1,0
2013-07-14,7,21,65,7,4,3,4,61,1,0
2013-07-21,7,21,62,6,3,3,4,53,1,0
2013-07-28,7,21,65,7,4,3,4,63,1,0
2013-08-04,7,22,72,7,4,4,4,64,1,0
2013-08-11,10,23,76,8,5,4,4,67,1,0
2013-08-18,7,24,89,10,4,4,4,100,1,0
2013-08-25,10,23,81,7,4,4,5,84,1,0
2013-09-01,9,20,82,8,3,4,4,78,1,0
2013-09-08,10,22,85,8,3,4,5,79,1,0
2013-09-15,7,21,89,7,5,4,4,77,1,0
2013-09-22,8,26,94,10,4,5,4,70,2,0
2013-09-29,7,24,92,9,5,5,4,64,2,0
2013-10-06,7,22,80,8,4,6,5,63,1,0
2013-10-13,6,24,83,8,4,4,4,67,1,0
2013-10-20,7,23,91,9,4,4,5,68,1,0
2013-10-27,9,25,100,8,4,4,5,63,4,0
2013-11-03,7,25,97,6,4,5,5,63,3,0
2013-11-10,6,27,98,8,4,4,4,60,3,0
2013-11-17,6,24,94,9,5,5,4,65,6,0
2013-11-24,6,21,99,8,4,5,4,65,8,0
2013-12-01,8,19,79,9,4,4,4,66,6,0
2013-12-08,6,23,72,8,5,3,4,64,5,0
2013-12-15,5,19,58,6,4,3,4,62,6,0
2013-12-22,5,19,38,6,3,2,3,52,4,0
2013-12-29,6,20,42,6,5,3,4,50,4,0
2013-12-29,4,14,30,5,4,2,3,41,3,0
2014-01-05,5,15,44,5,3,3,3,51,4,0
2014-01-12,4,13,42,5,4,3,3,47,3,0
2014-01-19,4,14,45,5,3,3,3,49,3,0
2014-01-26,4,14,50,4,3,3,4,50,3,0
2014-02-02,5,15,54,5,4,3,4,49,2,0
2014-02-09,5,13,51,5,5,3,3,47,4,0
2014-02-16,4,15,53,6,5,3,4,47,4,0
2014-02-23,5,14,61,7,4,3,3,49,4,0
2014-03-02,4,15,51,7,4,3,3,43,5,0
2014-03-09,5,15,62,9,4,3,4,44,3,0
2014-03-16,4,16,66,7,3,3,3,45,3,0
2014-03-23,6,17,73,7,4,4,4,49,5,0
2014-03-30,5,14,69,10,4,4,4,50,2,0
2014-04-06,5,15,63,8,4,4,4,53,3,0
2014-04-13,4,12,54,7,4,3,3,44,2,0
2014-04-20,4,14,62,8,4,3,4,43,2,0
2014-04-27,4,14,62,8,5,3,3,41,2,0
2014-05-04,5,17,64,7,4,4,4,41,2,0
2014-05-11,4,13,68,6,4,4,4,39,2,0
2014-05-18,4,15,66,6,3,4,4,37,2,0
2014-05-25,4,15,67,6,3,4,4,38,2,0
2014-06-01,4,15,63,6,3,4,4,40,2,0
2014-06-08,4,11,52,6,2,3,3,37,2,0
2014-06-15,3,10,43,4,3,2,3,34,2,0
2014-06-22,4,12,45,4,3,3,3,42,2,0
2014-06-29,4,11,47,5,3,3,4,38,1,0
2014-07-06,3,11,42,5,2,3,4,37,1,0
2014-07-13,4,13,46,4,4,3,4,42,2,0
2014-07-20,4,14,53,5,4,3,4,40,2,0
2014-07-27,5,15,50,5,3,3,4,43,1,0
2014-08-03,5,14,50,5,3,3,4,44,1,0
2014-08-10,6,16,54,5,3,3,4,42,1,0
2014-08-17,6,15,58,5,3,4,4,38,2,0
2014-08-24,6,16,64,6,3,4,4,43,1,0
2014-08-31,5,16,62,6,4,5,4,41,2,0
2014-09-07,5,15,63,5,3,4,4,46,2,0
2014-09-14,6,20,68,5,4,4,4,49,1,0
2014-09-21,6,17,66,6,3,4,4,56,1,0
2014-09-28,8,19,71,6,3,6,4,60,1,0
2014-10-05,9,21,70,5,3,10,4,69,2,0
2014-10-12,9,20,68,7,3,9,4,54,1,0
2014-10-19,10,21,71,6,3,10,4,53,1,0
2014-10-26,25,56,100,7,4,10,4,100,1,0
2014-11-02,7,19,76,7,3,7,4,65,1,0
2014-11-09,7,16,77,6,4,5,4,70,1,0
2014-11-16,7,18,81,6,3,4,4,63,2,0
2014-11-23,6,17,76,6,4,4,4,62,1,0
2014-11-30,6,15,63,7,4,4,4,59,1,0
2014-12-07,6,16,68,6,3,3,4,59,2,0
2014-12-14,8,22,91,6,3,2,4,80,2,0
2014-12-21,6,16,55,5,3,2,3,61,2,0
2014-12-28,5,18,45,5,5,2,3,57,1,0
2014-12-28,5,18,46,5,5,1,2,29,1,0
2015-01-04,8,20,73,5,4,2,2,36,1,0
2015-01-11,6,15,66,6,4,2,2,37,1,0
2015-01-18,6,17,62,6,4,2,2,36,1,0
2015-01-25,7,19,81,6,3,2,2,34,1,0
2015-02-01,8,20,100,6,4,2,2,36,1,0
2015-02-08,7,19,83,7,3,2,2,45,1,0
2015-02-15,6,17,58,6,4,2,2,38,1,0
2015-02-22,7,18,80,7,4,2,2,38,1,0
2015-03-01,7,17,76,8,6,3,3,49,1,0
2015-03-08,7,18,78,7,5,3,3,66,1,0
2015-03-15,6,19,83,7,5,2,3,60,1,0
2015-03-22,6,18,84,7,5,2,3,53,1,0
2015-03-29,6,15,80,7,5,2,2,41,1,0
2015-04-05,6,18,92,9,7,3,3,46,1,0
2015-04-12,8,19,90,10,6,2,3,42,1,0
2015-04-19,6,18,100,10,6,2,2,42,1,0
2015-04-26,7,19,98,11,9,2,3,47,1,0
2015-05-03,8,19,86,9,5,2,3,44,1,0
2015-05-10,6,17,90,9,6,2,3,40,1,0
2015-05-17,7,17,93,8,5,3,3,37,1,0
2015-05-24,7,19,80,7,5,2,3,39,1,0
2015-05-31,5,16,73,7,5,2,2,35,1,0
2015-06-07,5,15,76,7,5,3,3,37,1,0
2015-06-14,6,15,76,6,5,3,3,35,1,0
2015-06-21,6,15,71,7,4,2,2,34,1,0
2015-06-28,6,14,64,5,4,2,2,37,1,0
2015-07-05,5,15,59,4,5,2,3,35,1,0
2015-07-12,5,13,58,5,5,2,3,34,1,0
2015-07-19,6,14,58,5,5,2,3,42,1,0
2015-07-26,8,15,60,5,6,2,3,47,2,0
2015-08-02,6,15,63,5,5,2,3,50,1,0
2015-08-09,6,16,68,6,5,2,3,49,1,0
2015-08-16,6,15,73,5,5,2,2,39,1,0
2015-08-23,11,25,77,6,4,2,3,45,1,0
2015-08-30,8,18,73,5,5,2,3,56,1,0
2015-09-06,8,18,71,7,5,2,2,62,1,0
2015-09-13,8,16,81,7,5,2,3,53,1,0
2015-09-20,11,23,88,7,6,3,2,100,1,0
2015-09-27,9,17,75,6,5,2,3,62,1,0
2015-10-04,10,15,78,6,5,2,2,59,2,0
2015-10-11,8,15,71,8,4,2,2,50,2,0
2015-10-18,7,14,76,7,4,3,3,45,2,0
2015-10-25,7,13,74,6,4,2,2,40,2,0
2015-11-01,7,16,75,6,5,2,2,43,2,0
2015-11-08,6,14,80,6,6,2,3,39,2,0
2015-11-15,6,14,83,7,5,2,3,37,2,0
2015-11-22,7,15,84,6,6,2,2,36,2,0
2015-11-29,12,18,83,5,6,2,3,44,2,0
2015-12-06,8,14,64,4,5,2,3,38,2,0
2015-12-13,8,14,57,5,5,2,2,38,2,0
2015-12-20,6,11,40,4,4,1,2,37,2,0
2015-12-27,5,13,38,5,5,2,2,33,2,0
2015-12-27,5,11,34,4,5,2,3,38,2,0
2016-01-03,8,21,52,4,6,3,3,41,2,0
2016-01-10,7,15,64,5,5,2,3,42,2,0
2016-01-17,8,18,85,5,5,2,3,45,3,0
2016-01-24,7,15,67,4,4,2,3,42,2,0
2016-01-31,8,12,63,5,4,2,3,46,2,0
2016-02-07,7,12,53,5,4,2,3,38,3,0
2016-02-14,7,11,64,6,5,2,3,38,3,0
2016-02-21,7,13,71,8,5,2,3,37,3,0
2016-02-28,14,19,87,7,5,2,3,67,2,0
2016-03-06,13,17,88,6,6,2,3,77,2,0
2016-03-13,19,29,95,6,5,3,3,100,2,0
2016-03-20,11,17,77,6,5,2,3,57,3,0
2016-03-27,11,16,89,6,6,2,3,58,2,0
2016-04-03,10,15,91,6,6,2,3,50,2,0
2016-04-10,11,15,100,7,6,2,3,64,2,0
2016-04-17,14,27,86,5,8,2,3,97,2,0
2016-04-24,10,16,88,9,9,2,3,52,3,0
2016-05-01,10,15,82,8,5,3,3,51,4,0
2016-05-08,17,27,88,6,5,3,3,84,3,0
2016-05-15,13,19,90,6,5,3,3,56,3,0
2016-05-22,9,14,77,6,4,2,3,43,3,0
2016-05-29,10,15,86,7,5,3,3,42,3,0
2016-06-05,10,15,88,7,5,3,3,54,3,0
2016-06-12,10,12,71,6,5,2,3,45,4,0
2016-06-19,12,16,74,5,5,2,3,50,4,0
2016-06-26,9,14,70,6,4,2,3,67,4,0
2016-07-03,9,12,65,6,4,2,3,56,3,0
2016-07-10,12,12,69,5,6,2,3,50,3,0
2016-07-17,13,15,71,4,5,2,3,45,3,0
2016-07-24,11,14,71,6,5,2,3,42,3,0
2016-07-31,10,13,67,5,5,2,3,42,3,0
2016-08-07,9,10,67,5,4,2,3,45,2,0
2016-08-14,9,13,71,6,5,2,3,38,2,0
2016-08-21,10,12,72,5,5,2,3,38,2,0
2016-08-28,13,18,78,5,5,2,3,55,2,0
2016-09-04,11,13,71,6,5,2,3,47,2,0
2016-09-11,11,15,75,6,6,2,3,43,2,0
2016-09-18,10,14,68,5,6,2,3,39,2,0
2016-09-25,10,14,74,5,6,2,3,37,2,0
2016-10-02,10,13,67,5,5,3,3,33,2,0
2016-10-09,9,14,74,6,7,3,3,35,2,0
2016-10-16,13,16,93,7,5,3,3,39,2,0
2016-10-23,12,16,89,6,6,3,3,48,3,0
2016-10-30,11,16,84,6,6,3,3,38,3,0
2016-11-06,19,27,97,6,5,3,3,72,3,0
2016-11-13,11,17,85,7,6,2,3,49,3,0
2016-11-20,12,15,91,7,6,3,3,44,3,0
2016-11-27,12,14,81,6,5,2,3,39,3,0
2016-12-04,12,13,75,6,5,3,3,40,3,0
2016-12-11,12,14,65,6,6,2,3,40,4,0
2016-12-18,11,12,56,7,6,2,4,39,4,0
2016-12-25,11,13,47,7,7,2,3,36,6,0
2017-01-01,12,15,58,7,8,3,4,41,6,0
2017-01-01,11,13,52,7,7,4,5,56,8,0
2017-01-08,11,13,60,7,7,4,5,60,7,0
2017-01-15,12,14,60,6,7,3,5,55,6,0
2017-01-22,12,16,68,6,6,2,5,59,5,0
2017-01-29,11,14,62,5,7,3,5,57,5,0
2017-02-05,11,12,65,6,6,3,5,53,6,0
2017-02-12,12,13,69,8,6,3,5,62,6,0
2017-02-19,13,15,69,8,6,3,5,59,6,0
2017-02-26,9,13,61,6,7,2,4,52,7,0
2017-03-05,11,13,68,7,7,3,5,51,7,0
2017-03-12,12,13,77,7,7,3,5,54,6,0
2017-03-19,13,15,89,6,6,3,5,54,7,0
2017-03-26,10,13,76,7,7,3,5,47,7,0
2017-04-02,11,13,79,7,7,3,5,49,7,0
2017-04-09,9,12,66,6,6,3,4,42,7,0
2017-04-16,8,12,70,7,6,3,4,45,7,0
2017-04-23,9,13,74,9,9,3,5,47,8,0
2017-04-30,9,13,74,7,5,3,5,48,11,0
2017-05-07,12,14,81,8,5,4,5,46,16,0
2017-05-14,29,37,87,7,6,3,5,100,21,0
2017-05-21,19,25,100,7,6,4,5,72,28,0
2017-05-28,13,17,80,7,6,4,5,52,19,0
2017-06-04,11,14,72,7,5,3,5,51,17,0
2017-06-11,9,12,57,5,5,3,4,47,15,0
2017-06-18,11,15,66,6,5,3,5,49,15,0
2017-06-25,10,12,61,5,5,3,4,51,13,0
2017-07-02,10,12,57,6,5,3,5,49,13,0
2017-07-09,17,15,58,6,5,2,5,70,14,0
2017-07-16,10,12,54,6,6,3,5,62,15,0
2017-07-23,11,12,57,7,6,2,5,55,14,0
2017-07-30,12,13,68,7,4,3,5,56,16,0
2017-08-06,12,14,61,11,5,3,5,56,15,0
2017-08-13,10,14,68,8,5,3,5,51,22,0
2017-08-20,11,15,78,8,5,3,5,51,22,0
2017-08-27,9,14,71,7,6,3,5,47,28,0
2017-09-03,10,13,68,7,5,3,5,51,28,0
2017-09-10,14,16,87,8,5,3,5,57,26,0
2017-09-17,11,15,84,8,5,3,5,45,22,0
2017-09-24,10,13,78,7,6,3,5,45,18,0
2017-10-01,10,14,78,7,6,3,5,46,17,0
2017-10-08,8,12,60,6,4,3,4,44,21,0
2017-10-15,9,15,71,6,5,3,5,42,22,0
2017-10-22,10,14,89,6,6,3,5,50,22,0
2017-10-29,8,12,69,7,5,3,5,49,27,0
2017-11-05,10,14,74,7,5,4,5,52,29,0
2017-11-12,8,13,70,7,5,3,5,46,25,0
2017-11-19,8,12,77,6,5,3,5,50,23,0
2017-11-26,8,12,70,7,5,3,5,48,46,0
2017-12-03,9,12,66,7,5,3,5,50,63,0
2017-12-10,11,12,59,6,6,3,5,52,68,0
2017-12-17,10,12,55,7,4,2,5,49,98,0
2017-12-24,9,13,43,6,6,3,4,49,61,0
2017-12-31,12,13,51,7,6,4,5,57,48,0
2017-12-31,8,9,37,5,4,1,2,23,19,0
2018-01-07,10,10,40,5,5,2,2,23,17,0
2018-01-14,11,10,43,5,4,1,2,21,18,0
2018-01-21,17,14,43,5,4,1,2,29,13,0
2018-01-28,13,10,49,5,4,1,2,22,14,0
2018-02-04,16,13,48,6,4,1,2,21,15,0
2018-02-11,11,13,34,5,3,1,2,19,10,0
2018-02-18,15,11,52,7,4,1,2,19,10,0
2018-02-25,16,10,55,7,4,1,2,18,7,0
2018-03-04,14,11,58,7,4,1,2,18,7,0
2018-03-11,13,9,58,6,4,1,2,18,7,0
2018-03-18,14,10,60,6,4,1,2,18,7,0
2018-03-25,12,10,52,5,4,1,2,17,11,0
2018-04-01,17,12,58,6,5,1,2,24,7,0
2018-04-08,14,11,57,6,4,1,2,23,7,0
2018-04-15,14,10,58,7,5,1,2,21,6,0
2018-04-22,13,11,65,8,6,1,2,24,6,0
2018-04-29,12,11,57,8,5,1,2,23,6,0
2018-05-06,13,11,64,8,4,1,2,26,5,0
2018-05-13,16,12,67,7,4,1,2,31,5,0
2018-05-20,17,15,78,6,4,2,2,33,5,0
2018-05-27,19,15,84,7,3,1,2,26,4,0
2018-06-03,20,15,77,7,3,1,2,33,5,0
2018-06-10,18,13,65,6,4,1,2,29,5,0
2018-06-17,18,11,60,6,3,1,2,23,4,0
2018-06-24,16,10,54,6,3,1,2,24,4,0
2018-07-01,15,10,56,6,3,1,2,24,4,0
2018-07-08,13,11,51,6,3,1,2,28,4,0
2018-07-15,15,10,55,6,4,1,2,26,5,0
2018-07-22,16,11,55,7,4,1,2,28,5,0
2018-07-29,15,12,59,8,4,1,2,25,4,0
2018-08-05,16,11,59,9,4,1,2,24,4,0
2018-08-12,17,12,61,10,6,1,2,27,5,0
2018-08-19,16,12,57,9,5,1,2,36,4,0
2018-08-26,17,11,59,9,5,1,2,39,4,0
2018-09-02,17,12,56,7,5,1,2,34,5,0
2018-09-09,16,13,59,8,6,2,2,33,4,0
2018-09-16,17,12,68,9,5,2,2,31,4,0
2018-09-23,18,13,71,8,4,2,2,30,4,0
2018-09-30,26,17,71,7,4,1,2,43,4,0
2018-10-07,29,21,69,7,4,1,2,55,4,0
2018-10-14,23,16,81,8,4,1,2,42,4,0
2018-10-21,22,15,80,8,4,2,2,38,3,0
2018-10-28,50,40,100,8,4,1,2,100,4,0
2018-11-04,30,18,93,11,4,2,2,37,4,0
2018-11-11,21,14,69,9,4,1,2,32,4,0
2018-11-18,18,15,79,9,4,1,2,31,6,0
2018-11-25,23,14,75,10,5,1,2,31,6,0
2018-12-02,24,14,73,11,4,1,2,29,7,0
2018-12-09,22,12,60,9,4,1,2,27,5,0
2018-12-16,22,13,56,10,4,1,2,26,5,0
2018-12-23,16,13,48,9,4,1,2,25,6,0
2018-12-30,31,25,66,10,4,2,2,45,4,0
2018-12-30,23,18,52,8,3,4,4,87,9,0
2019-01-06,29,18,56,9,4,3,5,100,9,0
2019-01-13,29,17,58,8,3,2,5,82,8,0
2019-01-20,24,19,55,8,4,2,4,66,7,0
2019-01-27,28,18,95,9,3,2,4,64,7,0
2019-02-03,26,15,68,10,3,2,5,59,8,0
2019-02-10,24,13,63,9,4,2,5,54,8,0
2019-02-17,26,14,64,12,4,2,4,52,8,0
2019-02-24,22,13,65,11,3,2,4,45,8,0
2019-03-03,14,12,53,10,4,2,4,47,8,0
2019-03-10,25,21,79,12,4,2,5,51,8,0
2019-03-17,42,30,92,12,5,2,5,57,9,0
2019-03-24,39,25,85,13,5,3,5,66,9,0
2019-03-31,31,17,77,13,4,3,5,57,15,0
2019-04-07,27,14,74,10,4,3,4,50,12,0
2019-04-14,25,15,67,10,4,2,4,48,12,0
2019-04-21,30,15,76,13,4,2,5,56,14,0
2019-04-28,20,14,66,12,4,3,4,45,13,0
2019-05-05,24,14,76,13,3,3,5,53,18,0
2019-05-12,28,15,70,12,4,3,5,61,27,0
2019-05-19,31,16,77,10,4,3,5,67,26,0
2019-05-26,31,16,79,11,3,3,5,64,22,0
2019-06-02,29,13,77,10,3,3,5,66,20,0
2019-06-09,29,13,70,9,3,2,5,60,18,0
2019-06-16,30,15,64,10,3,2,5,58,31,0
2019-06-23,34,15,72,10,4,2,5,63,50,0
2019-06-30,40,15,73,12,4,2,5,61,34,0
2019-07-07,44,20,82,10,4,2,5,81,31,0
2019-07-14,32,15,74,11,4,2,5,66,33,0
2019-07-21,29,15,75,11,4,2,5,57,30,0
2019-07-28,30,15,85,12,4,2,6,58,32,0
2019-08-04,38,17,96,13,4,2,5,66,36,0
2019-08-11,47,20,99,14,4,2,5,71,32,0
2019-08-18,36,18,90,12,4,3,5,65,30,0
2019-08-25,40,18,100,17,4,2,5,80,27,0
2019-09-01,35,16,89,16,3,3,5,70,24,0
2019-09-08,34,13,92,13,3,2,5,70,22,0
2019-09-15,33,14,95,12,4,2,6,60,21,0
2019-09-22,32,14,85,12,4,2,5,59,27,0
2019-09-29,33,25,84,14,4,2,5,58,21,0
2019-10-06,32,14,79,13,3,3,5,55,19,0
2019-10-13,32,13,79,13,4,2,5,54,15,0
2019-10-20,38,14,80,13,3,2,4,67,19,0
2019-10-27,37,15,85,12,4,4,5,70,18,0
2019-11-03,43,20,90,15,4,3,5,64,14,0
2019-11-10,34,14,85,13,3,3,4,60,11,0
2019-11-17,32,15,78,12,4,3,5,65,13,0
2019-11-24,33,13,80,13,3,3,5,76,13,0
2019-12-01,38,14,82,13,3,3,4,69,12,0
2019-12-08,39,14,83,14,3,2,5,66,11,0
2019-12-15,45,16,85,14,4,2,5,67,12,0
2019-12-22,30,17,64,15,3,2,4,56,10,0
2019-12-29,39,20,72,16,3,2,4,59,11,0
2019-12-29,16,8,29,6,1,1,2,31,6,0
2020-01-05,19,8,32,7,2,2,3,34,6,0
2020-01-12,17,8,38,6,2,1,3,30,7,0
2020-01-19,18,7,38,6,2,1,3,28,6,0
2020-01-26,27,10,35,5,1,1,3,30,7,0
2020-02-02,24,8,35,6,2,1,3,31,6,0
2020-02-09,24,8,33,7,1,1,3,35,8,0
2020-02-16,20,7,35,7,1,1,3,33,6,0
2020-02-23,33,12,33,6,1,1,2,39,6,0
2020-03-01,38,10,41,8,2,1,3,50,6,0
2020-03-08,100,36,73,9,2,1,3,100,11,0
2020-03-15,93,31,72,8,2,1,2,77,11,0
2020-03-22,68,22,65,7,2,1,2,43,7,0
2020-03-29,47,13,56,7,2,1,2,39,6,0
2020-04-05,39,12,49,6,2,1,2,33,7,0
2020-04-12,44,12,52,7,1,1,2,32,6,0
2020-04-19,43,13,49,6,1,1,2,52,6,0
2020-04-26,38,11,53,7,2,1,2,48,9,0
2020-05-03,35,10,53,7,2,1,3,46,10,0
2020-05-10,36,10,50,7,1,1,3,56,12,0
2020-05-17,39,11,53,7,2,1,3,51,8,0
2020-05-24,43,12,63,8,2,1,3,58,7,0
2020-05-31,45,12,71,8,3,1,3,72,7,0
2020-06-07,45,12,67,8,2,1,3,75,6,0
2020-06-14,43,13,65,8,2,1,3,56,6,0
2020-06-21,39,11,62,8,2,1,3,50,5,0
2020-06-28,34,10,56,9,2,1,3,42,4,0
2020-07-05,40,10,59,9,2,1,3,39,5,0
2020-07-12,36,10,59,7,2,1,3,36,11,0
2020-07-19,35,11,62,8,2,1,3,43,5,0
2020-07-26,35,10,63,9,2,2,3,41,7,0
2020-08-02,32,9,50,9,2,1,3,37,7,0
2020-08-09,34,8,51,9,2,1,3,37,6,0
2020-08-16,33,9,48,8,1,1,3,37,6,0
2020-08-23,30,8,49,8,1,1,3,41,5,0
2020-08-30,30,8,49,7,2,2,3,40,6,0
2020-09-06,25,8,44,7,1,2,2,38,5,0
2020-09-13,30,8,46,7,2,1,3,37,4,0
2020-09-20,31,8,45,6,2,1,3,37,5,0
2020-09-27,34,9,44,7,1,1,3,40,4,0
2020-10-04,31,8,47,6,2,1,3,37,4,0
2020-10-11,22,7,42,6,1,1,2,33,5,0
2020-10-18,28,8,46,6,1,1,3,33,6,0
2020-10-25,34,8,43,6,1,1,2,40,6,0
2020-11-01,29,8,37,6,1,1,3,52,7,0
2020-11-08,37,9,49,8,1,1,3,62,7,0
2020-11-15,29,7,45,7,1,1,3,38,11,0
2020-11-22,32,7,49,6,1,1,3,39,14,0
2020-11-29,33,7,52,7,1,1,3,43,9,0
2020-12-06,34,8,52,7,1,2,3,57,8,0
2020-12-13,33,8,46,8,1,1,3,49,11,0
2020-12-20,25,8,33,6,1,1,3,38,12,0
2020-12-27,26,8,34,8,1,1,3,35,18,0
2020-12-27,39,12,57,12,2,2,4,51,25,0
2021-01-03,57,16,78,15,3,2,5,57,45,0
2021-01-10,52,15,79,12,2,2,5,62,40,0
2021-01-17,54,14,69,11,2,1,4,57,26,0
2021-01-24,49,15,61,10,2,1,4,51,24,0
2021-01-31,51,14,68,12,2,1,4,52,23,0
2021-02-07,45,12,61,10,2,1,6,52,37,0
2021-02-14,29,13,52,9,2,1,4,44,36,0
2021-02-21,61,18,100,15,2,1,4,56,37,0
2021-02-28,58,14,82,15,3,2,4,62,27,0
2021-03-07,64,17,81,13,2,2,4,81,32,0
2021-03-14,49,12,82,13,3,2,4,63,28,0
2021-03-21,49,12,80,12,3,2,4,57,27,0
2021-03-28,38,12,71,14,2,1,4,51,26,0
2021-04-04,42,10,81,14,3,2,4,55,25,0
2021-04-11,40,11,81,14,2,2,4,53,34,0
2021-04-18,32,11,74,13,2,2,4,58,42,0
2021-04-25,38,11,83,15,2,2,4,58,33,0
2021-05-02,37,10,81,14,2,2,4,62,26,0
2021-05-09,39,11,81,15,3,2,4,67,33,0
2021-05-16,37,11,81,12,2,2,4,57,50,0
2021-05-23,37,12,89,14,3,2,4,57,40,0
2021-05-30,41,13,85,15,2,2,4,75,31,0
2021-06-06,44,12,84,12,2,2,4,76,33,0
2021-06-13,43,12,90,13,2,2,5,76,28,0
2021-06-20,41,12,81,15,2,2,5,100,34,0
2021-06-27,37,10,69,13,2,2,4,83,24,0
2021-07-04,35,12,61,12,3,2,5,73,23,0
2021-07-11,36,10,62,13,3,2,5,70,21,0
2021-07-18,38,10,58,11,3,2,5,64,23,0
2021-07-25,36,10,55,10,2,2,4,60,29,0
2021-08-01,39,10,58,13,2,2,5,56,25,0
2021-08-08,36,9,61,15,3,2,5,54,28,0
2021-08-15,47,11,69,13,3,2,5,56,25,0
2021-08-22,43,10,67,13,3,3,5,61,27,0
2021-08-29,39,10,64,14,2,3,5,58,24,0
2021-09-05,49,13,55,11,3,4,4,61,25,0
2021-09-12,45,10,67,13,2,3,5,54,19,0
2021-09-19,53,14,67,13,3,3,5,56,22,0
2021-09-26,44,11,65,11,3,3,5,54,19,0
2021-10-03,43,10,68,11,2,3,5,59,24,0
2021-10-10,32,9,53,10,2,3,4,56,24,0
2021-10-17,55,12,63,10,2,3,4,68,29,0
2021-10-24,48,11,64,10,3,3,5,65,21,0
2021-10-31,35,9,55,11,2,3,4,58,19,0
2021-11-07,40,10,63,11,2,3,5,60,21,0
2021-11-14,30,10,59,10,2,3,4,55,21,0
2021-11-21,42,10,64,10,2,3,4,53,19,0
2021-11-28,50,10,67,13,2,2,5,57,20,0
2021-12-05,49,11,66,13,3,3,5,54,24,0
2021-12-12,46,11,58,15,3,3,5,54,22,0
2021-12-19,38,10,40,12,2,2,5,55,21,0
2021-12-26,33,10,39,13,2,2,5,56,22,0
2021-12-26,43,12,50,17,3,1,3,31,12,0
2022-01-02,50,14,64,20,5,2,4,43,16,0
2022-01-09,48,13,60,18,4,2,3,43,14,0
2022-01-16,46,12,61,17,4,2,3,40,15,0
2022-01-23,47,13,62,16,4,2,3,39,19,0
2022-01-30,50,13,66,16,5,1,4,47,14,0
2022-02-06,40,12,69,19,4,1,3,45,14,0
2022-02-13,45,13,77,22,5,1,3,46,12,0
2022-02-20,59,22,80,21,5,1,3,87,18,0
2022-02-27,39,19,68,19,4,1,3,57,17,0
2022-03-06,45,14,91,22,5,2,3,57,13,0
2022-03-13,43,13,91,20,6,2,4,44,11,0
2022-03-20,47,14,97,21,6,2,3,95,11,0
2022-03-27,46,14,91,19,6,2,3,86,12,0
2022-04-03,43,12,88,18,5,2,3,77,10,0
2022-04-10,30,10,66,19,5,2,3,56,10,0
2022-04-17,29,11,77,17,4,2,3,57,9,0
2022-04-24,39,12,85,20,5,2,3,60,9,0
2022-05-01,45,12,84,21,6,3,3,52,9,0
2022-05-08,44,12,85,20,5,3,3,50,17,0
2022-05-15,38,11,80,19,5,2,3,48,12,0
2022-05-22,41,12,91,20,6,2,3,51,10,0
2022-05-29,36,10,99,20,6,2,3,48,10,0
2022-06-05,33,10,85,17,5,2,3,43,8,0
2022-06-12,41,12,78,16,4,2,3,46,21,0
2022-06-19,44,12,78,17,5,2,4,46,16,0
2022-06-26,39,11,72,17,5,2,4,41,13,0
2022-07-03,38,10,64,17,5,2,3,45,12,0
2022-07-10,39,10,59,18,5,2,3,45,10,0
2022-07-17,34,9,65,19,5,2,4,42,12,0
2022-07-24,37,10,64,26,5,2,4,46,11,0
2022-07-31,40,11,71,25,5,2,4,42,9,0
2022-08-07,40,11,79,32,5,2,3,41,8,0
2022-08-14,43,10,82,25,5,2,4,40,8,0
2022-08-21,38,11,78,23,5,2,3,38,8,0
2022-08-28,35,10,78,26,5,3,3,39,8,0
2022-09-04,29,9,67,20,4,2,3,34,8,0
2022-09-11,34,10,71,22,5,2,3,36,8,0
2022-09-18,37,11,79,21,5,2,3,36,8,0
2022-09-25,37,10,73,18,5,4,3,36,7,0
2022-10-02,48,14,69,17,3,4,3,40,6,0
2022-10-09,31,9,63,17,4,3,3,31,7,0
2022-10-16,36,9,72,21,4,4,3,32,6,0
2022-10-23,45,10,75,17,4,4,3,34,7,0
2022-10-30,100,60,98,27,4,6,3,100,7,0
2022-11-06,80,28,89,25,4,3,3,69,12,0
2022-11-13,71,19,83,23,5,2,3,54,10,0
2022-11-20,56,13,72,18,4,2,3,40,7,0
2022-11-27,42,10,68,20,4,1,3,37,6,0
2022-12-04,49,11,61,17,4,1,3,35,6,0
2022-12-11,69,15,69,22,5,2,3,41,7,0
2022-12-18,56,12,56,21,6,2,4,38,6,0
2022-12-25,47,13,53,22,5,1,4,36,8,0
2023-01-01,99,32,72,25,7,2,4,65,7,0
2023-01-01,92,30,67,25,6,4,6,100,11,0
2023-01-08,73,23,100,24,5,3,6,88,12,0
2023-01-15,56,17,89,26,6,2,6,75,17,0
2023-01-22,53,14,83,26,5,3,5,70,17,0
2023-01-29,53,12,78,22,6,2,6,91,17,0
2023-02-05,47,11,68,21,5,3,5,74,18,0
2023-02-12,41,10,64,22,5,3,5,62,20,0
2023-02-19,28,10,50,19,4,2,4,53,22,0
2023-02-26,41,11,67,23,5,2,5,56,23,0
2023-03-05,37,11,70,21,4,2,5,52,26,0
2023-03-12,41,12,71,22,5,3,5,59,27,0
2023-03-19,54,13,71,20,5,3,5,54,27,0
2023-03-26,55,11,71,19,5,3,5,58,27,0
2023-04-02,36,10,60,22,5,2,5,64,28,0
2023-04-09,53,12,68,20,5,3,5,98,27,0
2023-04-16,37,9,61,19,4,2,4,83,29,0
2023-04-23,36,10,62,20,4,3,4,62,27,0
2023-04-30,32,9,61,20,5,3,5,62,28,0
2023-05-07,38,9,71,22,5,3,5,63,31,0
2023-05-14,42,11,82,24,5,2,5,73,26,0
2023-05-21,37,10,74,21,5,2,4,55,26,0
2023-05-28,37,10,77,20,6,2,5,60,26,0
2023-06-04,34,9,68,16,4,2,4,57,30,0
2023-06-11,44,10,72,20,4,2,4,79,30,0
2023-06-18,44,11,69,20,5,2,5,77,27,0
2023-06-25,42,10,61,18,5,3,5,72,28,0
2023-07-02,39,10,58,20,4,2,5,70,33,0
2023-07-09,38,9,53,18,4,2,5,63,33,0
2023-07-16,35,8,51,17,4,2,5,58,32,0
2023-07-23,44,9,57,19,4,2,5,68,33,0
2023-07-30,44,9,60,23,5,2,5,66,35,0
2023-08-06,38,9,60,23,4,2,5,58,36,0
2023-08-13,56,15,65,26,4,2,5,62,39,0
2023-08-20,47,12,60,19,4,2,5,55,34,0
2023-08-27,41,10,62,20,4,2,5,56,36,0
2023-09-03,28,9,55,18,4,2,5,49,34,0
2023-09-10,36,9,64,20,5,2,5,54,30,0
2023-09-17,38,9,60,17,4,2,5,53,29,0
2023-09-24,39,9,60,16,4,2,5,52,27,0
2023-10-01,39,9,57,16,4,2,5,56,29,0
2023-10-08,32,9,49,14,4,2,4,54,33,0
2023-10-15,35,10,70,17,4,2,5,51,29,0
2023-10-22,35,9,63,16,4,2,5,52,32,0
2023-10-29,34,8,57,18,4,2,5,51,33,0
2023-11-05,40,9,61,20,4,2,5,55,32,0
2023-11-12,36,9,58,21,4,2,4,46,32,0
2023-11-19,37,10,63,19,4,2,5,49,30,0
2023-11-26,35,8,66,17,4,2,5,44,27,0
2023-12-03,35,7,61,17,4,2,5,45,34,0
2023-12-10,42,9,56,19,4,2,5,49,33,0
2023-12-17,45,9,49,18,4,2,6,49,32,0
2023-12-24,36,12,40,19,5,2,5,51,35,0
2023-12-31,33,9,46,20,5,3,6,47,33,0
